{
  "hash": "f85bdd79",
  "configHash": "10580fea",
  "lockfileHash": "0cb5b7ec",
  "browserHash": "a1282988",
  "optimized": {
    "@angular/core": {
      "src": "../../../../../node_modules/@angular/core/fesm2022/core.mjs",
      "file": "@angular_core.js",
      "fileHash": "5b6a95e6",
      "needsInterop": false
    },
    "@angular/platform-browser": {
      "src": "../../../../../node_modules/@angular/platform-browser/fesm2022/platform-browser.mjs",
      "file": "@angular_platform-browser.js",
      "fileHash": "db3b0ba8",
      "needsInterop": false
    },
    "@angular/common": {
      "src": "../../../../../node_modules/@angular/common/fesm2022/common.mjs",
      "file": "@angular_common.js",
      "fileHash": "8b540328",
      "needsInterop": false
    },
    "@angular/forms": {
      "src": "../../../../../node_modules/@angular/forms/fesm2022/forms.mjs",
      "file": "@angular_forms.js",
      "fileHash": "5159f325",
      "needsInterop": false
    }
  },
  "chunks": {
    "chunk-FVLCRLO7": {
      "file": "chunk-FVLCRLO7.js"
    },
    "chunk-WVGOSFXS": {
      "file": "chunk-WVGOSFXS.js"
    }
  }
}